{
	"info": {
		"_postman_id": "7df15300-8a71-424d-8059-bf7452bd7bdd",
		"name": "UNIFAN",
		"schema": "https://schema.getpostman.com/json/collection/v2.1.0/collection.json",
		"_exporter_id": "7075058"
	},
	"item": [
		{
			"name": "terceiro_periodo",
			"item": [
				{
					"name": "localhost:8080/produto",
					"protocolProfileBehavior": {
						"disabledSystemHeaders": {
							"content-type": true
						}
					},
					"request": {
						"method": "POST",
						"header": [
							{
								"key": "Content-Type",
								"value": "application/json"
							}
						],
						"body": {
							"mode": "raw",
							"raw": "{\r\n    \"quantEstoque\": 5.0,\r\n    \"vlrVenda\": 500.00,\r\n    \"vlrCusto\": 400.00,\r\n    \"nomeProduto\": \"Curso de Java\",\r\n    \"unidade\": \"unid\",\r\n    \"peso\": 0.0\r\n}"
						},
						"url": {
							"raw": "localhost:8080/produto",
							"host": [
								"localhost"
							],
							"port": "8080",
							"path": [
								"produto"
							]
						}
					},
					"response": []
				},
				{
					"name": "localhost:8080/produto/all",
					"event": [
						{
							"listen": "test",
							"script": {
								"exec": [
									"tests[\"Status code is 200\"] = responseCode.code === 200;\r",
									"\r",
									"/* verifica se os valores iniciais existem no banco */\r",
									"tests[\"Body matches string 1\"] = responseBody.has(\"GOIÁS\");"
								],
								"type": "text/javascript"
							}
						}
					],
					"request": {
						"method": "GET",
						"header": [
							{
								"key": "Content-Type",
								"value": "application/json"
							}
						],
						"url": {
							"raw": "localhost:8080/produto/all",
							"host": [
								"localhost"
							],
							"port": "8080",
							"path": [
								"produto",
								"all"
							]
						}
					},
					"response": []
				},
				{
					"name": "localhost:8080/produto/{byId}",
					"request": {
						"method": "GET",
						"header": [
							{
								"key": "Content-Type",
								"value": "application/json"
							}
						],
						"url": {
							"raw": "localhost:8080/produto/1",
							"host": [
								"localhost"
							],
							"port": "8080",
							"path": [
								"produto",
								"1"
							],
							"query": [
								{
									"key": "produtoId",
									"value": "1",
									"disabled": true
								}
							]
						}
					},
					"response": []
				},
				{
					"name": "localhost:8080/estado/all",
					"event": [
						{
							"listen": "test",
							"script": {
								"exec": [
									"tests[\"Status code is 200\"] = responseCode.code === 200;\r",
									"\r",
									"/* verifica se os valores iniciais existem no banco */\r",
									"tests[\"Body matches string 1\"] = responseBody.has(\"Santa Catarina\");"
								],
								"type": "text/javascript"
							}
						}
					],
					"request": {
						"method": "GET",
						"header": [],
						"url": {
							"raw": "localhost:8080/estado/all",
							"host": [
								"localhost"
							],
							"port": "8080",
							"path": [
								"estado",
								"all"
							]
						}
					},
					"response": []
				},
				{
					"name": "localhost:8080/estado",
					"request": {
						"method": "POST",
						"header": [
							{
								"key": "Content-Type",
								"value": "application/json",
								"type": "text"
							}
						],
						"body": {
							"mode": "raw",
							"raw": "{\r\n    \"nome\": \"Santa Catarina\",\r\n    \"sigla\": \"SC\",\r\n    \"ativo\": false\r\n}"
						},
						"url": {
							"raw": "localhost:8080/estado",
							"host": [
								"localhost"
							],
							"port": "8080",
							"path": [
								"estado"
							]
						}
					},
					"response": []
				},
				{
					"name": "localhost:8080/estado",
					"request": {
						"method": "PUT",
						"header": [
							{
								"key": "Content-Type",
								"value": "application/json",
								"type": "text"
							}
						],
						"body": {
							"mode": "raw",
							"raw": "{\r\n    \"id\": 2,\r\n    \"nome\": \"Tocantins_3\",\r\n    \"sigla\": \"TO\",\r\n    \"ativo\": true\r\n}"
						},
						"url": {
							"raw": "localhost:8080/estado",
							"host": [
								"localhost"
							],
							"port": "8080",
							"path": [
								"estado"
							]
						}
					},
					"response": []
				},
				{
					"name": "localhost:8080/estado/1",
					"request": {
						"method": "GET",
						"header": [],
						"url": {
							"raw": "localhost:8080/estado/2",
							"host": [
								"localhost"
							],
							"port": "8080",
							"path": [
								"estado",
								"2"
							]
						}
					},
					"response": []
				},
				{
					"name": "localhost:8080/estado/nome/São Paulo",
					"request": {
						"method": "GET",
						"header": [],
						"url": {
							"raw": "localhost:8080/estado/nome/Bahia",
							"host": [
								"localhost"
							],
							"port": "8080",
							"path": [
								"estado",
								"nome",
								"Bahia"
							]
						}
					},
					"response": []
				},
				{
					"name": "localhost:8080/estado/1",
					"request": {
						"method": "DELETE",
						"header": [],
						"url": {
							"raw": "localhost:8080/estado/11",
							"host": [
								"localhost"
							],
							"port": "8080",
							"path": [
								"estado",
								"11"
							]
						}
					},
					"response": []
				},
				{
					"name": "localhost:8080/cidade",
					"request": {
						"method": "POST",
						"header": [
							{
								"key": "Content-Type",
								"value": "application/json",
								"type": "text"
							}
						],
						"body": {
							"mode": "raw",
							"raw": "{\r\n    \"nome\": \"São Paulo\",\r\n    \"estado\":     {\r\n        \"id\": 3,\r\n        \"nome\": \"São Paulo\",\r\n        \"sigla\": \"SP\",\r\n        \"ativo\": true\r\n    }\r\n}"
						},
						"url": {
							"raw": "localhost:8080/cidade",
							"host": [
								"localhost"
							],
							"port": "8080",
							"path": [
								"cidade"
							]
						}
					},
					"response": []
				},
				{
					"name": "localhost:8080/cidade/all",
					"request": {
						"method": "GET",
						"header": [
							{
								"key": "Content-Type",
								"value": "application/json"
							}
						],
						"url": {
							"raw": "localhost:8080/cidade/all",
							"host": [
								"localhost"
							],
							"port": "8080",
							"path": [
								"cidade",
								"all"
							]
						}
					},
					"response": []
				},
				{
					"name": "localhost:8080/cidade/pageable/all",
					"request": {
						"method": "GET",
						"header": [
							{
								"key": "Content-Type",
								"value": "application/json"
							}
						],
						"url": {
							"raw": "localhost:8080/cidade/pageable/all?page=2&size=2",
							"host": [
								"localhost"
							],
							"port": "8080",
							"path": [
								"cidade",
								"pageable",
								"all"
							],
							"query": [
								{
									"key": "page",
									"value": "2"
								},
								{
									"key": "size",
									"value": "2"
								}
							]
						}
					},
					"response": []
				},
				{
					"name": "POST_Estado",
					"request": {
						"method": "POST",
						"header": [
							{
								"key": "Content-Type",
								"value": "application/json",
								"type": "text"
							}
						],
						"body": {
							"mode": "raw",
							"raw": "{\r\n    \"nome\": \"Rio Grande do Sul\",\r\n    \"sigla\": \"RS\"\r\n}"
						},
						"url": {
							"raw": "localhost:8080/estado",
							"host": [
								"localhost"
							],
							"port": "8080",
							"path": [
								"estado"
							]
						}
					},
					"response": []
				},
				{
					"name": "buscaByCEP",
					"request": {
						"method": "GET",
						"header": [],
						"url": {
							"raw": "https://api.adviceslip.com/advice/1",
							"protocol": "https",
							"host": [
								"api",
								"adviceslip",
								"com"
							],
							"path": [
								"advice",
								"1"
							]
						}
					},
					"response": []
				},
				{
					"name": "localhost:8080/message/{byId}",
					"request": {
						"method": "GET",
						"header": [
							{
								"key": "Content-Type",
								"value": "application/json"
							}
						],
						"url": {
							"raw": "localhost:8080/message/1",
							"host": [
								"localhost"
							],
							"port": "8080",
							"path": [
								"message",
								"1"
							],
							"query": [
								{
									"key": "produtoId",
									"value": "1",
									"disabled": true
								}
							]
						}
					},
					"response": []
				},
				{
					"name": "localhost:8080/photos/{byId}",
					"request": {
						"method": "GET",
						"header": [
							{
								"key": "Content-Type",
								"value": "application/json"
							}
						],
						"url": {
							"raw": "localhost:8080/photo/10",
							"host": [
								"localhost"
							],
							"port": "8080",
							"path": [
								"photo",
								"10"
							],
							"query": [
								{
									"key": "produtoId",
									"value": "1",
									"disabled": true
								}
							]
						}
					},
					"response": []
				},
				{
					"name": "Client-buscaPhotoById",
					"request": {
						"method": "GET",
						"header": [
							{
								"key": "Content-Type",
								"value": "application/json"
							}
						],
						"url": {
							"raw": "https://jsonplaceholder.typicode.com/photos/2",
							"protocol": "https",
							"host": [
								"jsonplaceholder",
								"typicode",
								"com"
							],
							"path": [
								"photos",
								"2"
							],
							"query": [
								{
									"key": "produtoId",
									"value": "1",
									"disabled": true
								}
							]
						}
					},
					"response": []
				}
			]
		}
	]
}